http://twitpic.com size,1724
http://vkontakte.ru size,2829
http://thepiratebay.org size,3743
http://stumbleupon.com size,4374
http://weibo.com size,5473
http://imageshack.us size,5548
http://wordpress.com size,5867
http://alipay.com size,6175
http://tianya.cn size,9281
http://renren.com size,9627
http://wordpress.org size,10348
http://babylon.com size,10431
http://conduit.com size,10536
http://google.com size,13965
http://google.co.uk size,14288
http://google.com.au size,14303
http://google.co.jp size,14312
http://google.nl size,14354
http://google.de size,14368
http://google.it size,14373
http://google.fr size,14446
http://google.com.mx size,14499
http://fileserve.com size,14551
http://google.com.tr size,14677
http://google.ru size,14711
http://google.ca size,14723
http://google.pl size,14744
http://google.com.hk size,14760
http://google.com.br size,14785
http://google.com.sa size,15225
http://google.es size,15237
http://google.co.id size,15370
http://yahoo.co.jp size,17534
http://doubleclick.com size,19335
http://cnzz.com size,20442
http://linkedin.com size,22478
http://mediafire.com size,27870
http://apple.com size,28387
http://badoo.com size,29849
http://blogspot.com size,31088
http://fc2.com size,32875
http://msn.com size,33046
http://zedo.com size,34775
http://ameblo.jp size,34810
http://ask.com size,34837
http://facebook.com size,40101
http://4shared.com size,41801
http://photobucket.com size,43243
http://bing.com size,46368
http://yandex.ru size,47065
http://craigslist.org size,52502
http://livedoor.com size,57703
http://tumblr.com size,60229
http://taobao.com size,73793
http://microsoft.com size,78277
http://go.com size,87244
http://cnn.com size,90284
http://ehow.com size,90289
http://netflix.com size,105397
http://aol.com size,107613
http://odnoklassniki.ru size,107715
http://alibaba.com size,109610
http://uol.com.br size,118179
http://paypal.com size,119985
http://dailymotion.com size,120108
http://adobe.com size,126040
http://flickr.com size,126502
http://goo.ne.jp size,131763
http://bbc.co.uk size,133610
http://weather.com size,139162
http://imgur.com size,149101
http://imdb.com size,149588
http://google.co.in size,155493
http://nytimes.com size,156003
http://ebay.de size,157595
http://livejournal.com size,159865
http://ebay.co.uk size,161240
http://ebay.com size,164059
http://godaddy.com size,172038
http://tmall.com size,195077
http://myspace.com size,210955
http://cnet.com size,213541
http://twitter.com size,234286
http://huffingtonpost.com size,244478
http://mail.ru size,248265
http://espn.go.com size,283732
http://rakuten.co.jp size,294771
http://ifeng.com size,320553
http://amazon.com size,329739
http://sohu.com size,419028
http://globo.com size,429336
http://yahoo.com size,430492
http://youtube.com size,442466
http://amazon.de size,469266
http://amazon.co.jp size,506455
http://about.com size,506914
http://chinaz.com size,523509
http://qq.com size,528886
http://sina.com.cn size,536009
http://tudou.com size,560930
http://youku.com size,622463
http://163.com size,668389
http://hao123.com size,699001